{
  "HEADER": "------------------------------------------------------------ HEADER (Module: header) --------------------------------------------------------",
  "HEADER_MENU_WIZARD": "Create raffle",
  "HEADER_MENU_GLOBAL_LUCK": "Global luck",
  "HEADER_MENU_HOW_TO": "How to create raffle",
  "HEADER_MENU_NEWS": "News",
  "HEADER_LK_ACCOUNTS": "Accounts",
  "HEADER_LK_BALANCE": "My balance",
  "HEADER_LK_PARTNER": "Partnership",
  "HEADER_LK_MY_RAFFLES": "Participation in raffles",
  "HEADER_EXIT_TITLE": "Sign out",
  "HEADER_GLOBAL_LUCK_DESC": "Your global luck in all raffles",
  "HEADER_ENTER_TITLE": "Sign in",
  "HEADER_REGISTRATION_TITLE": "Sign up",
  "HEADER_LK_DASHBOARD": "Dashboard",

  "INDEX": "------------------------------------------------------------- MAIN PAGE (Module: index) ------------------------------------------------------",
  "INDEX_BLOCK1_H1": "New way<br/>to giveaway",
  "INDEX_BLOCK1_BUTTON": "Create a giveaway",
  "INDEX_BLOCK2_H1":"Want  <orange>more viewers?</orange><br/><small>Sure! But how to attract them?</small>",
  "INDEX_BLOCK2_BUTTON": "Create a giveaway",
  "INDEX_BLOCK3_H1": "Our free solution!<br/><small>Giveaways - is a great way to increase you audience. We:</small>",
  "INDEX_BLOCK3_FREEOK1_H3": "<b>Provide prizes</b><br/>for your audience",
  "INDEX_BLOCK3_FREEOK2_H3": "Provide a convenient<br/><b>giveaway service</b>",
  "INDEX_BLOCK3_FREEOK3_H3": "<b>Deliver awards</b><br/>to your winners",
  "INDEX_BLOCK3_BOTTOM_H3": "As for you, <b>just be yourself.</b> Audience love it",
  "INDEX_BLOCK3_BOTTOM_BUTTON": "Create a giveaway",
  "INDEX_BLOCK4_h2": "How it works?<br/><small>Giveaways - is a great way to increase you audience. You:</small>",
  "INDEX_BLOCK4_HOWITMADE1_h3": "<b>Choose prizes for the</b><br/>giveaway on our website",
  "INDEX_BLOCK4_HOWITMADE2_h3": "<b>Announce the date</b><br/>when giveaway ends",
  "INDEX_BLOCK4_HOWITMADE3_h3": "<b>Decide the winner</b><br/>during your stream",
  "INDEX_BLOCK4_BUTTON": "Create a giveaway",

  "FOOTER": "------------------------------------------------------------ FOOTER (Module: footer) --------------------------------------------------------",
  "FOOTER_MENU_ITEM1": "Home",
  "FOOTER_MENU_ITEM2": "Giveaway rules",
  "FOOTER_MENU_ITEM3": "Privacy policy",
  "FOOTER_MENU_ITEM4": "Terms of use",
  "FOOTER_MENU_ITEM5": "How to create raffle",
  "FOOTER_MENU_ITEM6": "Information for advertisers",
  "FOOTER_WE_IN_SOCIAL": "We in social networks:",
  "FOOTER_ADDRESS": "123242, Moscow, prospect Mira, 101 B, of. 313"
}