{
  "HEADER": "------------------------------------------------------------ HEADER (Module: header) --------------------------------------------------------",
  "HEADER_MENU_WIZARD": "Создать розыгрыш",
  "HEADER_MENU_GLOBAL_LUCK": "Глобальный LUCK",
  "HEADER_MENU_HOW_TO": "Рекомендации",
  "HEADER_MENU_NEWS": "Новости",
  "HEADER_LK_ACCOUNTS": "Аккаунты",
  "HEADER_LK_BALANCE": "Баланс и вывод средств",
  "HEADER_LK_PARTNER": "Партнерская программа",
  "HEADER_LK_MY_RAFFLES": "Участие в розыгрышах",
  "HEADER_EXIT_TITLE": "Выход",
  "HEADER_GLOBAL_LUCK_DESC": "Твой глобальный лак во всех розыгрышах",
  "HEADER_ENTER_TITLE": "Вход",
  "HEADER_REGISTRATION_TITLE": "Регистрация",
  "HEADER_LK_DASHBOARD": "Личный кабинет",

  "INDEX": "------------------------------------------------------------- MAIN PAGE (Module: index) ------------------------------------------------------",
  "INDEX_BLOCK1_H1": "Растим аудиторию.<br/>Даром.",
  "INDEX_BLOCK1_BUTTON": "Завести розыгрыш",
  "INDEX_BLOCK2_H1":"Нужно <orange>больше зрителей?</orange><br/><small>Конечно! Но как их привлечь?</small>",
  "INDEX_BLOCK2_BUTTON": "Запустить розыгрыш",
  "INDEX_BLOCK3_H1": "Наше бесплатное решение!<br/><small>Розыгрыш призов - верный путь к росту аудитории. Мы:</small>",
  "INDEX_BLOCK3_FREEOK1_H3": "<b>Обеспечиваем призы</b><br/>для твоих зрителей",
  "INDEX_BLOCK3_FREEOK2_H3": "Даем удобный<br/><b>механизм розыгрышей</b>",
  "INDEX_BLOCK3_FREEOK3_H3": "<b>Доставляем награды</b><br/>победителям",
  "INDEX_BLOCK3_BOTTOM_H3": "С тебя - <b>быть самим собой.</b> Зрители это любят",
  "INDEX_BLOCK3_BOTTOM_BUTTON": "Запустить розыгрыш",
  "INDEX_BLOCK4_h2": "Как это работает?<br/><small>Розыгрыш призов - верный путь к росту аудитории. Ты:</small>",
  "INDEX_BLOCK4_HOWITMADE1_h3": "<b>Выбираешь призы</b> на нашем<br/>сайте для розыгрыша",
  "INDEX_BLOCK4_HOWITMADE2_h3": "<b>Объявляешь о дате</b><br/>его проведения",
  "INDEX_BLOCK4_HOWITMADE3_h3": "<b>Начинаешь розыгрыш</b><br/>во время твоего стрима",
  "INDEX_BLOCK4_BUTTON": "Запустить розыгрыш",

  "FOOTER": "------------------------------------------------------------ FOOTER (Module: footer) --------------------------------------------------------",
  "FOOTER_MENU_ITEM1": "Главная",
  "FOOTER_MENU_ITEM2": "Правила розыгрыша",
  "FOOTER_MENU_ITEM3": "Политика конфиденциальности",
  "FOOTER_MENU_ITEM4": "Условия пользования",
  "FOOTER_MENU_ITEM5": "Рекомендации",
  "FOOTER_MENU_ITEM6": "Информация для рекламодателей",
  "FOOTER_WE_IN_SOCIAL": "Мы в социальных сетях:",
  "FOOTER_ADDRESS": "123242, Москва, пр. Мира, 101в, оф.313"
}